[
    {
        "permissionId": 2,
        "parentId": 0,
        "name": "公告管理",
        "url": null,
        "icon": "general",
        "children": [
            {
                "permissionId": 20,
                "parentId": 2,
                "name": "系统公告",
                "url": "notice/notice-list",
                "icon": null,
                "children": []
            }
        ]
    },
    {
        "permissionId": 3,
        "parentId": 0,
        "name": "账号管理",
        "url": null,
        "icon": "general",
        "children": [
            {
                "permissionId": 30,
                "parentId": 3,
                "name": "账号查询",
                "url": "account/account-query",
                "icon": null,
                "children": []
            },
            {
                "permissionId": 31,
                "parentId": 3,
                "name": "新增机构账号",
                "url": "account/add-account",
                "icon": null,
                "children": []
            }
        ]
    }

]
