{
    "data": [
        {
            "key0": "178798789448158FF",
            "key1": "拉卡拉",
            "key2": "2017-8-9 16:12:00",
            "key3": "578798789448158",
            "key4": "中国银行",
            "key5": "其它"
        },
        {
            "key0": "278798789448158FF",
            "key1": "拉卡拉",
            "key2": "2017-8-9 16:12:00",
            "key3": "578798789448158",
            "key4": "中国银行",
            "key5": "其它"
        },
        {
            "key0": "378798789448158FF",
            "key1": "拉卡拉",
            "key2": "2017-8-9 16:12:00",
            "key3": "578798789448158",
            "key4": "中国银行",
            "key5": "其它"
        },
        {
            "key0": "478798789448158FF",
            "key1": "拉卡拉",
            "key2": "2017-8-9 16:12:00",
            "key3": "578798789448158",
            "key4": "中国银行",
            "key5": "其它"
        },
        {
            "key0": "578798789448158FF",
            "key1": "拉卡拉",
            "key2": "2017-8-9 16:12:00",
            "key3": "578798789448158",
            "key4": "中国银行",
            "key5": "其它"
        }
    ],
    "total": 100,
    "retMsg": "成功",
    "retCode": "000000"
}
