{
    "data": [
        {
            "icon": "general",
            "url": "general",
            "name": "概览",
            "parentId": "",
            "permissionId":"000100",
            "children": [
            ]
        },
        {
            "icon": "trade",
            "url": "",
            "name": "交易查询",
            "parentId": "",
            "permissionId":"000200",
            "children": [
                {
                    "icon": "",
                    "url": "trade/realtime",
                    "name": "实时交易查询",
                    "children": [],
                    "parentId": "000200",
                    "permissionId":"100200"
                },
                {
                    "icon": "",
                    "url": "",
                    "name": "交易统计查询",
                    "parentId": "100200",
                    "permissionId":"100201",
                    "children": [
                        {
                            "icon": "",
                            "url": "trade/count",
                            "name": "交易统计汇总",
                            "parentId": "100201",
                            "permissionId":"100210",
                            "children": []
                        },
                        {
                            "icon": "",
                            "url": "trade/detail",
                            "name": "交易统计明细",
                            "parentId": "100201",
                            "permissionId":"100211",
                            "children": []
                        }
                    ]
                }
            ]
        },
        {
            "icon": "accounting",
            "url": "",
            "name": "账务查询",
            "parentId": "",
            "permissionId":"000300",
            "children": [
                {
                    "icon": "",
                    "url": "",
                    "name": "结算信息查询",
                    "parentId": "000300",
                    "permissionId":"100300",
                    "children": [
                        {
                            "icon": "",
                            "url": "accounting/settle-accounts-count",
                            "name": "结算交易汇总",
                            "parentId": "100300",
                            "permissionId":"100310",
                            "children": []
                        },
                        {
                            "icon": "",
                            "url": "accounting/settle-accounts-detail",
                            "name": "结算交易明细",
                            "parentId": "100300",
                            "permissionId":"100311",
                            "children": []
                        }
                    ]
                },
                {
                    "icon": "",
                    "url": "accounting/draw-detail",
                    "name": "D0提款明细",
                    "parentId": "000300",
                    "permissionId":"100301",
                    "children": [ ]
                },
                {
                    "icon": "",
                    "url": "accounting/account-info",
                    "name": "调账信息查询",
                    "parentId": "000300",
                    "permissionId":"100302",
                    "children": [ ]
                }
            ]
        },

        {
            "icon": "transfer",
            "url": "",
            "name": "划款查询",
            "parentId": "",
            "permissionId":"000400",
            "children": [
                {
                    "icon": "",
                    "url": "transfer/info",
                    "name": "划款信息查询",
                    "parentId": "000400",
                    "permissionId":"100400",
                    "children": []
                }
            ]
        },

        {
            "icon": "bill",
            "url": "",
            "name": "对账单下载",
            "parentId": "",
            "permissionId":"000500",
            "children": [
                {
                    "icon": "",
                    "url": "bill/download",
                    "name": "对账单下载",
                    "parentId": "000500",
                    "permissionId":"100500",
                    "children": []
                },
                {
                    "icon": "",
                    "url": "bill/custom",
                    "name": "个性化对账单",
                    "parentId": "000500",
                    "permissionId":"100500",
                    "children": []
                }
            ]
        },

        {
            "icon": "data",
            "url": "",
            "name": "数据分析",
            "parentId": "",
            "permissionId":"000600",
            "children": [
                {
                    "icon": "",
                    "url": "data/analyse",
                    "name": "数据分析查询",
                    "parentId": "000600",
                    "permissionId":"100600",
                    "children": []
                }
            ]
        },

        {
            "icon": "data",
            "url": "",
            "name": "商户号管理",
            "parentId": "",
            "permissionId":"000700",
            "children": [
                {
                    "icon": "",
                    "url": "merchant/merchant-manage",
                    "name": "商户号管理",
                    "parentId": "000700",
                    "permissionId":"100700",
                    "children": []
                },
                {
                    "icon": "",
                    "url": "merchant/submerchant-manage",
                    "name": "子帐号管理",
                    "parentId": "000700",
                    "permissionId":"100701",
                    "children": []
                }
            ]
        }

    ],
    "retMsg": "成功",
    "retCode": "000000"
}
